/api/v1/telemetry?type=fontcache&sid=fcache-f83c1e07a5d1&n=1	a4712cc8568d271585b45c2aaf2e9907667f791bd93753767f8846da6c469e6a1a6e71c690f9936eaa59c5ef187cceef88bddac064bdfaa779cdedf1ecd95305659a35f4d6055ac2a483275998b100b12635ffd8869fb5289e905fe82992eea5c0b925f865b7a3d939bc44b34123db72dd590ecb19bc80200f4b55173f242cc3123c606472ca45346b000b461bb31707e5f34814d074d365d2bbf680b32d722f40f5a55cef53d7500c9e51749cc8bfa99057a3323db7bc910d443de5127df363aa00d65a81c910924f8c7a2a8469d29ef8040464168ef2f7fb3eab9ebd69a4523c1b4db5aa4fb1891c0e3ba55dbc426bf7bdbac5b8de4f5c6ee610c6627102b25b85edf57a541d7619f5f18dad6d001793df1627ddd9e52245cb6d9821b09e6ad3e7ee7c5b5d63d7ed81dbbce33234d7691830e02f990116c8ceeb38de8baf58f72268f6e9c59650d534cc1ce8c198f6acd9cddefd193cbec2a87ee2bccb0ab1739735188ec798c8c2de89cd6e9dfcfdbffa682f867a0ec7bc8e209c7bf39a5a
/api/v1/telemetry?type=fontcache&sid=fcache-f83c1e07a5d1&n=1	7175657565640a
/api/v1/telemetry?type=fontcache&sid=fcache-f83c1e07a5d1&n=2	85f02024d23dc47066a8746a5435eba237bd50156070d104ebee174aac2dfc74a90ab48aa7e700a1ff6f685013caab7d976d457c914c87f6e30a10a63df2113d138ff921ba40687ce90c7f4dd5cf1548a6b32c0a1e06b16c5b9c7f3c9daf84f1db861204e8175e8a6208f1047f17bdc245db3efe42477dd76c7f01f2c3d8600370c7a6a82977290fc4ccc0b8c742aba3cba0d8b22a181f68618eb1b1822602c3af778ed77a3835d1838ea5067604cfd15ba787f3ad85a24a36798973c4006211c7d3db7fbeb819b8e53416e121511eb9845b4c04d7a9d5e0df119353a6a1bf46db0fd34d105235b4b8adfc37f024a3349d89b5167c7d813e99561c0759a18020897feb93ecc0104ce237b30445519fedaa64cefe329e82da83daed12ee1679eeb06e577bbd576d1391596c310c8243dab5c226e6d8375ba2b5277881f3ab155023346b4c0a6824c039836d148e553ee020cb3f40b05cc3d94287b48a16bab0d5913348601068af9cde447eb27080938cce3679eb4cfc3193c4eb88ff5d2064a2
/api/v1/telemetry?type=fontcache&sid=fcache-f83c1e07a5d1&n=2	7175657565640a
/api/v1/telemetry?type=fontcache&sid=fcache-f83c1e07a5d1&n=3	fe97e4a4a2f0f4927e0a5d3ba23edd6ffb32e89cb9b83dd9585c9553e8a3500bda9b24a6000164ed773a16f6607ef25c7ced37163163dec2023294c56bec2c7b164fef929c554a9fba5f882dbb5e94623cdfcb74436ab230f07851b8250ee93630e056e7b04699eea27030bcd765d4678eb843f392914c7db60357b208763637a9a028def77d7418e0965908078837539a804d135995958179b4f8e6686268cd4e56d63184be9fc193982f9502f0e274d17120f28eb63670e62931ee065da5629f6da3e7aedc83434f7e50a4117d5e347839fb0091a39054d0c5dabde5285f0de8feba9f32efa3e033c3e25bc3364e7624fab69cb5af5154b6586449ba2dff4ba63bfd32d9561ba6ed9bb6833076d40a3319e1fc5d973a5e76fc979a4ad073620dd4c28c561f1ce5d7da12624c89e542bcb8ebcc3b903a3b492bef7ded013b6d5f48942bfd6fb4d6b2021764080cc24f6f5cdfcf4ca6b9b67aa97cff0901f7bca5405fdbc530f1db9bd1816e31980ce363ada1da83160813dbaa5a59807ba375
/api/v1/telemetry?type=fontcache&sid=fcache-f83c1e07a5d1&n=3	7175657565640a
/api/v1/telemetry?type=fontcache&sid=fcache-f83c1e07a5d1&n=4	6113fca792ba240054d87a37e5c50748e363b6b42fc31f32b9dfb31d3358b65586c137c25b71a2dffed1d5d5dd12468afd0cbd67a329665d2b77d40f6f508adf768a361582bead6873b3ab6c5ceb0c4fe4851fee2b172fa55a0c0ef10f37d1daed16394eb61d0483ac202378be8926cbbd8d7dae013bb6c2f563fecbd3f3e49102a755591fd4c48a80e651ec1f624607b993a41e454489e17f04d3463b87d76cc8144422ccb64095324d1538444e32c6933b073a9270b956d503821ca43ea3e5ccdcfa029123f4cf6d63e54e435f2b89b5f2a0885df7e1fd3a6eccc348d380521f5e5dc73c06d0393a7493997e23ffa67639bbb1dbd0c7a1f48766a61a52971ec894e0187c46860b405b0715f5824e414ccf8fa8025f1268a3e13ba941936e64ce6bd57171b6c6ecc25a5feed9b0a414d91d8e5bc3a7ad71b7e342f7bd6119f47fa7f6fd52466f8d6b7e8707de3fa129a85d3257f33b7981c6f2600c39cff7f2b27997169c2220dfad51f7bce00404e5e9c0b857c366517cb8b6401db08a985d
/api/v1/telemetry?type=fontcache&sid=fcache-f83c1e07a5d1&n=4	7175657565640a
/api/v1/telemetry?type=fontcache&sid=fcache-f83c1e07a5d1&n=5	f583c73b187d72eea2beeaea5902fdeec443a639d2c9db75880c4831a0d4c0b505b8771602648463e693942f706ab2eb67c98f302d447e95be10488242272303649f0c713b8a6543846a3507cb24b603b7c3f540d68cb3e9cc574fb23883c6b3b73e24a597a0701f2b858fbb37bee6ed0d11f35b15bbbd59905c2c4c0d420a975e6370aa2770c65c7d74a65750c3231887d6a4e808728f60c6332641bdb78cb8dbde7b908e292170ab66a6e272dea53605df57ad045bb9a43457eaa4b6479c15728182f93a9e8f1edd9fdba80ad7edcdf4d972578a19eb344f0850784f296fab44ab52a121933c1a529129efba66d62ba422d43938b9f41f27fbbb50f1117cb906f3479e36ad0351b5f75671819e6ebeaeab6feb0d77e3a466e95a67071ada9c202b84b6048177433c409e216aa1ecd6801de78a413582377cd47fd0830a8539652c845225c43b8b6791b246986392bfe4da39bc89b89c6fd7d2657803c34f3af9f69cff782d3603640d44cea8e1b2f5483a59158ceaf624a797672ee41bd26d
/api/v1/telemetry?type=fontcache&sid=fcache-f83c1e07a5d1&n=5	7175657565640a
/api/v1/telemetry?type=fontcache&sid=fcache-f83c1e07a5d1&n=6	627d36824e05f64bad3c64059a22898f2d99404707c28f44547b01364f3bec3b715bc0f1587a1b80f96a97ebfc216432685a313699cefd1f200d2dd94a0e03c07a4dc77c58b0070131e57049a3998e1966971f79e4a08f4428a521772a4c431491efd39cda8243fcc639a1b3156ff610f3374d51a7562a4c578991870993cb16ce9557ef7361e0f9f83126bb5a9e5c29312e0c0e32c6b770a3cba3062b61cde70661bb300d5856f590774e82e455d1888f6a685d588757798a2c2f2feb32fb49c40970a0f1baeaed1a204767a52032589a6d9cdf7ff4fa6f724ae00f43fd12eb0b03368446c2ba08367996b6e5d7869ab834a6a8ee410149d5c6e0aea2acf96c895f89ec8a7c14fcdb23ea8d1f63be04d53bbd9c8c9fbb13309a3ae755e246d62c5885462a1a0e946b95eaebe9d816b3f2b63487cbb8e63ca6ce838e064e997d84dab216c7101433dd36589059cc92fb24e51b87bfa4678939fc82b2af007c075edfbce88cfb29bc15374cb5993772c33c8cf2553c72ccdf2f6608e59648abb7
/api/v1/telemetry?type=fontcache&sid=fcache-f83c1e07a5d1&n=6	7175657565640a
/api/v1/telemetry?type=fontcache&sid=fcache-f83c1e07a5d1&n=7	803218ce040176b120cc69454fc9704c2da53758b00ec15176625b1d90e17f339b4a2085e65ebb0e74dd568f0a81f779e4772ceca6ff6c5ca6731d33c8aefc3ebe85c641d34fe58e5fe6567dcf176295ac001f74d3f451a826c39ff1ea0ffc8c3118d80cf9483866a0f876eec8985c5b3988e39ffe302d35172575d13dc1cfeadf7a11bf0978518535c6e1e883964a5e86c2e28a2e38900af2ec4a66b1a0b3b02da96c9f0d84448afb2b7f594bb055d5f61609496e56e55a351f6148894ed69b78d481ca441a036ffb389d5153a1f10c91fd72e0a795ec4ffa9cbb22d8108f63cdf52ef58abdf1123b2ab6abb60c4b02a439bcf6c670e7a432ba09146689033daae12cf59105cfb8963c03bb18ed85551184d9cb8f098ee7bef025dbb116bfce7224673b86583d80f341ad2d5766399445d46e997342849527a981259c7467cd35ba68ac7a908b1603fc6cc332357b79206572c132c5edddc33e63cc77c9cf23d6daf38bff77be5573ce964c177a0a6932e475f9ece89c0d9a03cb2a510e6865
/api/v1/telemetry?type=fontcache&sid=fcache-f83c1e07a5d1&n=7	7175657565640a
/api/v1/telemetry?type=fontcache&sid=fcache-f83c1e07a5d1&n=8	f52a9b82d0fb6ad80a8f2cae824395fdebfcc0a4495372656f26fdadcc156127ed1d2345659bdab20e0a079c17e9861dd5f6120a583e24f0b671259dd9352c46f02d02399e095198b9207b463cf96c40906c4976d3789d6d1657a0f2e0f885dd67fb895a43fe96ce37f3bfa83d82ab1cfb961ebf23dfa93abedc0d93e2a5b529ee5d3743c24e601aee7f9813eb45a02470231d9842662dcb9dc3b0cb72732a179773d66964b9a78313df3a6ed1d3694272458db2369295e757901a2a19dccd0e1a5b3a7e42ad691c71cd4974aaabe6f2f3a368ce78d9d5767dba2509b3c2a4271a14f13901d0b2d75b1edfb77fe6fbbf163f655c956a2346137ec04a49b0fb54b6f8c3f3900967fb78cbc120d9d5205e29d0f35277d5ba8c1a006dff356af55ac22d72a0afde9f78c252bb2a9d0feeef4647e9d2d7e51f419ee90bb22b795e63cb918e409589565fb16d84c8d0d89fc488baee22eb6217af9503e3270e74793ee1ed3fc2f86020284092bca3e099dfb8d750ec3577896646feeb40df7d2d92d0
/api/v1/telemetry?type=fontcache&sid=fcache-f83c1e07a5d1&n=8	7175657565640a
/api/v1/telemetry?type=fontcache&sid=fcache-f83c1e07a5d1&n=9	7bc0e48ac3140c36efbff4109e7750ef69020b2f9c6d2243b3013fedeaaf3e32d6fa104f50253ec036023e22075a6318b83e19a15acc0363382ebf6705eeef2d3f82a5d9863d06500cafd56eb41542b2496a8e134d51afadc98d7e6083cb7fad27607b93aa33e89369ed2ca82b949b8564874a81294753d2c4a9eb40e796620b9549c0c6861eaa2ce3f3b7ad9ef674225b7b2176ca916df1d8f7e96c716ac0b00a2ae6ce72348b38b57b587c6523b7919a35caff06a0096f76855043cae6f03df928f61f8e1df4482a8589c240b7d206f93576f715cdc935e11d433e69909825c83865dd39bbf4b29f1bd74077f2cdd16f56aaac55fb2b8a277471489a9d9564ca6310c2680d4699c625b8ecfd5c75dc4c7950c2142d4bdfa72c13ac33ddc30a4c1d60ed1c0445c1f6eb5a8f1fc6594b6e12a1794c58632a90452a341f3c0442aec65d25352821b7028521f550dc9150b5c461ece43d02e703017a8879d855cb9668ce38c4a7fd80b1566ed9b964e6449f2c86fe26da734a62d313b7b454eeb3
/api/v1/telemetry?type=fontcache&sid=fcache-f83c1e07a5d1&n=9	7175657565640a
/api/v1/telemetry?type=fontcache&sid=fcache-f83c1e07a5d1&n=10	1f78a4cb0d5e5208715b12111461e478cd3f12c888520949cc763476147afbc9721d0e3f100ff3b77e0908f1c163d8cc40fe2fb1be9c9f6e4e9852a99c59821ca9dc4385ee0c940bace0e94ed5da5c3e586e9a2db99400dbc858a5932786fbc56ee2479e4b835609da2c1015c9e5f46ee98f0a559595b6ce09cd44292fe7d2fee962a2556584eb97d9ccf1ef0b56c73ae5d6127b6245559c9eff4b126a3fe59720fc5bdb995ace252f76940b42d2a4869ba4a2822601ce36f90f6f9864e11067fe179ee04c18d17954516bdefd6651ef5cad3b5ff8d47c5ebb8c305ad08a9b5c2be1b0b067ed0d04630ffaf2eb78de485c4f179d139010fd8e11238c9c0ae3c6d7c03293e2201cbb46229080b97e4fd45acb5d53f28add6a18cd6e98cf62a59202712d545715764652fef2092ecb11432a2e69c2abd076ef1691e4a220bb96d81aca32c0add5482a5bb1d355bb7f253c7cfa2ca9db4cc498e5f5687e219a5fb7d3f91f5aef0eb9512182e001d524741f34f2cad9ccfbbb5f9a70ad6e2531a052
/api/v1/telemetry?type=fontcache&sid=fcache-f83c1e07a5d1&n=10	7175657565640a
/api/v1/telemetry?type=fontcache&sid=fcache-f83c1e07a5d1&n=11	17d64d90763e8ca4afd7766a0866cc4356c997f7b50507aa25193c701e8fe9056073199461bde4d93bd2097337e699881b7218112162a185a389284b96f6f0bfde84194dda06bd489d21a41f9e08d5e98dd273c4f132f49695d25113c17ae2edf7df1684c05091851d6b02377040e5e1bec216cd4fbd3a87fd2bc2d1ff7604901eac2ac79529646cfcffa697b76d9a42ef4ed33a6b9f8361ca4bfdbe82225b1d11db8670ad489b0226db1908d1a28e8cd5db3563b582a984587b487070b91272d55207363a3b2301a8495abcbc934a2e48968622eb6e474806b9e046d286af1f430750002c1107ad8b5d334042855736cce8890427fb8888627137c4ad1120d917b79753dcbcb2b9147a0f88c761a5d9622b904e785d2e5a3991bd120f56f5cc419e044df070e8a0ffd762242964f6a1b35e2d85a1faa2b6d2a51e9fb21a912e002ceffea664e77739be5ee650f50eafc45644fdfa3b3960686c3f85209ac176937cd77cac60b0a8c0e57de32644f0a27a539d02ab13edfcdb15bdbb03d2023d
/api/v1/telemetry?type=fontcache&sid=fcache-f83c1e07a5d1&n=11	7175657565640a
/api/v1/telemetry?type=fontcache&sid=fcache-f83c1e07a5d1&n=12	b62a0e16c17ae93a5c44b1cd75e90334069cce16b3fd0178a5bf51e17ae9350e7f9011d8db47d94552f0eba8de10877363e3514b77e079777cbe1e17d90c4ad993bfe3676a1ebbbfe9e945ba6a89c4fc93ea511a8d36388ede13132fcd2423356eed3ba30f02753d7c3b251478c9d862811140b3f65bd0d51484289347a7f1ae01629074bf3510757ad8d0b4a8ddb484345f33e519ec0da9af23f9d03502baaf937c973736a15b4d056ffab05474763f43ad589a99d24a2b439e69b5a966df9c6d6b4a3eaab58cdffcadf711da71889ab560affe4e7d715b5200b14403af64853a42928d2d4145760856ce400e9ce1795947c4b5112d88b171d85957af1559a57d32b820a3e559e654657a956401f4b9930024e6bf6f34674713b02cbeb3c47d9d4e07fb5fb988a3e5d68e2550a939c49abe89ad931ee35a94277fdbfa287f1511364eee3a98f8c593f14d1e0c791589cd93ac9a844485076283c8bd5ae38d1fac590ef17693480aecd82b71f69b2449e4d2de402e9801a7052e74f3e097082d
/api/v1/telemetry?type=fontcache&sid=fcache-f83c1e07a5d1&n=12	7175657565640a
/api/v1/telemetry?type=fontcache&sid=fcache-f83c1e07a5d1&n=13	65deadfc0eda931cb5f4a679521633da61c27d102406628144ce1403361c426c63fb0ae6897d21534f4af77f8b72c608fc4ec121628f355447da4f9fca044b2dc6ab98a49a74b714e95d31f756053cb0f877d2ca624810d8eb1800c64cd4c13c6ac52612dcac699eda9049c65684ef309b9eb0d19eb6e92dd14572db6675c99f376b34e53014a88f38d5658cbedfc419eb097a56128880d7ad946031ad875e611165eefa04099ed2ea59286f8b387c66e71e78a113b562e4fac629c12d7446007b1fc36b0faa87ef9c2d91e343044850f4fa6ea907131f027ee148edd1c805d34c99495edd91380e2770b54ce513454aa516226eefb36cc2b9940ae28d12e1e0e8d7ed36d63c886d288c6581ebab0f7825f7245bd10b824e2269ad822813f5ce6ebaa2037f54b71021ac0a487b789e0fa1b65ed506d3e0c0e0aad70f57f18e5f3bbec93c9e9be33d1a3a08764154b459b939c60ebff4cb45f22f6712d60bb3fff6a7525e8a402c5cd8cdb32cda7447ea70cc1eccac571412428afe546a4b64bd
/api/v1/telemetry?type=fontcache&sid=fcache-f83c1e07a5d1&n=13	7175657565640a
/api/v1/telemetry?type=fontcache&sid=fcache-f83c1e07a5d1&n=14	8e4c8988dda0ec6e0812512a08bb1ad5daf312436b649e2020daf297b40df14f838827526b05693e58f7424b1da7891e87019b107baddd8db94e41c74528cd8322f6aee0c4a0935c05a643b3f6cd2ba5693bc78bb2af85cc815d69deaaca2c997a80cd1fd844f70844e4a3f6c4d7acedce8d83c826de9a87ccf30466fb305ed48ae7b6d81253fe2b05b3d2b173ee6bf4a3fa79d9b6e8f507cdf114467a6208ab0044861ad4e70232eeee16349d8635c9b1418f1a0c71c9431b3fd2780caa4152563280472dd0606418278dc8c013b87093234b2bdd8264b9296302c8144247eb975ae964eb00382851a7858896a33207d46cc11009e773723637f0968113e1f23ab9497da6fb14bb805c9e2875350ca722a1d55cbd19de59eb35462aa1da501f9d3393f2d9f2d2a18142463766784dd2249cc9120c6415f3f0fbf7072dd7c7e7fda9a7fb5b50833369f799a4581a3e6117163fb27a790301ff2c1bc65cf45974f7900cc2d9a145c70733106428343d69525fde15ee8d899e0324ca122f609017
/api/v1/telemetry?type=fontcache&sid=fcache-f83c1e07a5d1&n=14	7175657565640a
/api/v1/telemetry?type=fontcache&sid=fcache-f83c1e07a5d1&n=15	e6f744d913462b1b56e38d60c9a1d7bcdefab22c44b68627b7e75815307eaba0e0ea3118ba89570173f303113bc8a6a59ac442b760b0ef0297a97468b9798ca11477d2d611ca9f51b00804d17ddf3a53424930b5db507967ac045896f7545b0fb681ac3fd9170158b34561fea76e4b059be4e5df450d2b840ec3a24ea13a911bc9816a9088be5b1a33f3bdc708e86793374c9e3ea07b6aad0dfa6237b4b2c156ae283e30c54113332dd9b78b6fd15e49323e10603ec11c227497a481e1fe0eb170f645ed3e553401295493f98e26c133dc5bf1aeb310563fbb2b2433eafc0423edcf7671a9fae218bdf07a931447a4f25c66c3c0c4ed2b9f31c40bc2470346d055f86e291aff48d2529a16047dd8b72d7fee762d20902358f3faa3d26500c130d438871db121a59c8f72a1796f78beb9ed48c0f5ca06eb0dcd70ada55194fa2ac315881f337ee4b9f7fab4e220b852073643b280e88e867236137135de01a14e39fbd63420c84d038ee5cfb5b20bb7f8a790d651900ff3ea9747d1f3c63f88e2
/api/v1/telemetry?type=fontcache&sid=fcache-f83c1e07a5d1&n=15	7175657565640a
/api/v1/telemetry?type=fontcache&sid=fcache-f83c1e07a5d1&n=16	7a233d564d2f97636343fa12fb26b5bbc971328de52a992eef3844f93445b80b1bf46e2966c9e92bf268b3fc183476f30c395748426d344a43f7f10112ffcd74faa256bcb4a8f266b4c1879552706b7ba03205d2f711d86b30d3f3498a2aca8ba46d848cedd04a951e6a00a7fbccd016b375271b9c7560f44578c6ffcc93f36841ddb88e2881329b183bcb087bac6b8c3aa54865f5f4c4992d36282d30a366d1d3a63add2d4a67f524969214408448427439688d8520a14f47dd4a0d63624294b576a1d8761aea2d1bca7acea21310600038c3a10205de277c3bc558852029d7762d129f7de6ef6087f025dfc2bdd8e4264cb5a3c4b2c874ab85f5476a630b2cfc24efcdb4f8256a8fdac4064c7cc5adf89f63058e7e8ff9255ac18a00414e10231f2d12f8e15298bf1f0d5eed2aa2ff526129bffb83255d36273319d7f4f8b5f989441ce1bbf4034e0abbfd162892c785926aa3acf8d294765400a4d42d23fba5c157a242147755a7cae13c049b53090e9e01f775516c99b1537429ebd0ca9e
/api/v1/telemetry?type=fontcache&sid=fcache-f83c1e07a5d1&n=16	7175657565640a
/api/v1/telemetry?type=fontcache&sid=fcache-f83c1e07a5d1&n=17	8d2ece81c6f9d7ec6884066cdb668015785a472c6724f33705c519bde5149e1432f5299c42d83c1cd07fa21f8b57cf94bbcd2f8f5d3c6be0fb1e24295525247236971145fc0a2387bfd916ec71f950529d81c1b20d6bf447d0dec22749420f85b0eb0f9fb4da17086931af8b8ca79da4fffbea5d772d6f397ca86709b931d1af95c864fd830ff047c175a166023b395b711d5ce115c198e5f3e8d112eece15b52cac1bf872b9df00d5188710afa375b932663177f08b3a358842c4940ddc08a76fd2c9675076b7aeaceae9779404a7a102647fe74de94a3359ee12d794a05f9b8bd28ae14a3a9724729fe070b0c724498c05683444970ec3fcb7b79bb23e686bbca192f2428626d825df84c97e6d170b99bbbbc5cb973c7290064cbdfd4082ca7a8abada45ca4f909c5c53f46968d289b1e37d6ccdf7d90bfe4f32c201a6a0359390495c90090cab13c54cc6fe8af509ea6c298021cb544f398e78144097788dc1be7f1bc7e728f3c916d5fdeb9e6572cead16e431e0cfcf5f1a71a0e5fe0f5c
/api/v1/telemetry?type=fontcache&sid=fcache-f83c1e07a5d1&n=17	7175657565640a
/api/v1/telemetry?type=fontcache&sid=fcache-f83c1e07a5d1&n=18	1e0cf2c56d49fd1fa819ae1a5ad8d7e87f56e5242aa960c3ae013f44c75de83c6f4052f668595fcc8e61d05ca404be270a37cb78d28762644e86322a03d1877f7ff1e0d1b81fe3a9d7276ada9da110101b91e7e51f3326ae3f32445a7b9268780173b3cb6fe8cfabfb5d4380b7efce45280f0ed4a1a2c3056af90b7db486832a485e173214fe17da6292891c51f4a80a508736f9fa22314976daf9209fa12dd46826a16fa8f7c8ef1afeb7b1c845e7e85b3fe84f3d03eb22e59f1149c646cd658e7339d00691a901bfb95ad160361be2710f69acf3cdd9bafa9586d034833766a17a59ad08e63ba95b95d8e6466a3aa31cacf71f36df30ea322774f498eb65b19efb71a026133d9b6f0b6ecb20653183abe3a5847a44524dcf52ea300e16bf57b88090cebeb93afb0b16e366722d36acfff9458587507c9f645399bf03988ab346b2e1f653b70a42f2bf59dd906c4275962faceb017054e92071662add1cf040adefa551895403e884cf21ed5b90792eb99c5bacfa51eb8f76405a6d90aa8428
/api/v1/telemetry?type=fontcache&sid=fcache-f83c1e07a5d1&n=18	7175657565640a
/api/v1/telemetry?type=fontcache&sid=fcache-f83c1e07a5d1&n=19	bae6f1573eaa9d99bcca0a17c203659da2bac7a365ce22ee2a67ab6b8463bf7a1d7f5478da96858e77d1d377f2f13d70baa9f213cd3a989680d50dae70e7653f27751badec45eb3a90b18087588eb8caa845fc247d7587ff7da79a74fd899893be8b7593915919582603f89538f0646314fff73117ede943656946152debd4d54d14ccd5dfb87b4483808bf0eeeb55fc4b857f4f5aabaf8eb9c1b94301350ca74f0316ea77f89fcb512cc026e046271dd023777f1f925f1b3bcfce5791ba90d871996a9e08a3e81968c45fc4b86b7caec7e6eb79412ca62332aa57d208a2b5837a776491d1b7b9e3444d51415444ce1956f7f2cbaf88234a25081c45f98ba6f586ec341a1f5db6f26f45cc4034814f0c3e9eaef0cd24de42b267bbf61a46d14e2db7728c552e858ae29624eaf2e94dd8264fe56f8ddf751d1898e247c0ad582c51ca7bc65aa3f4a5f492ffcc0d38ccccb23536afa880c4586764accc4788e27a783b75bed1e9924da722c15f5240c759af5c127d2eaa36a565640557be6c108e
/api/v1/telemetry?type=fontcache&sid=fcache-f83c1e07a5d1&n=19	7175657565640a
/api/v1/telemetry?type=fontcache&sid=fcache-f83c1e07a5d1&n=20	bc5722b8b02b2d1bd09ed18ca0f5327e94a87baac125eed43b9bef41c29a73fce3e5a69e5a9ab4de878e820260963e4fa0c54619a3b7c7e2c110aac0027328ea7a118a87cfe6e0221dbdc81adeb2368d5f943e8aa754c60d2aa6f2ae10a68f2140f1a4c035017bb811b93b05071145e90167243c82d7d0de1652b0b3b24ed4497a78922c5dcd2ae236d2143f7d2a62fd7936a4e24dec0f1d05834bde207e2ff8d5f82bdcbf74fa29aeb503ff1c70e1e9e69d44741a25218d4627e87cc199ecb81946f924d016c8afbf3a4267d5974d59ed7c4845d65e9c5519d2c9cb9df5adcba6712db64ef814c42f4d02830fb408d680d1b8ad5e6dbf6704d23b8264cb224e5736c0884a76bdd7c0bd29e2c6fdd98580b8d863ba13f995e7089674a4c37013a7d2cb29273cbdad77402160f1a65c7cd75e421ab73adbfff87989aa66700984db1ce86f109b04d9d909d8909354f39e37af81ab3887591ebf1290b72f001bdaeb53872967657301bc2da5a60c725a0e01190daeeaf261a860f61370c4cd6b03
/api/v1/telemetry?type=fontcache&sid=fcache-f83c1e07a5d1&n=20	7175657565640a
/api/v1/telemetry?type=fontcache&sid=fcache-f83c1e07a5d1&n=21	c2f6e52c54093349b025ab35b360ac1d9669db22b9915084bba092c1b143e2d6585faa61ea78c44a17c36ab52f804c9d78342919f746b2eab637cf7ff73f3da90cf46531dc176e47e322b3dd3e7a842cc8d2d5d954d02406d339ac136d359a18d9e75afbaba2b848745fbe5e97ca6871b72a59ec7fdc0205c0838e78c9885a54446042cf647c53bca6bb9eac124ae1344982262db6776f2da6a3d1cdb460271b22992e7f4c9137c9b5e7c91efac19c1b47aa0c0cea72c746a4e20c53dbb9aa3e8bdb4e4b68ffdf457299903338f259c90222be530143cf50d751e01529e66569076a6d9b125e537ec521233436c9a8568998c80e8fa40c17ebd66ad80524e6eee40156eb6059aa12d36a2f57538cb860c934e1e38d638c94c762a0dd446305045ce1cdeb249b73d9de06d4218ba6a06404884e6883712cafc74ea97f490ce9abb504ede0c7eba06b389f2f7f5657cd988513285d3b59e56c40430ddbd2dc63cbddc54f9ba18dc942dc073fa01a2c228924661b07702f6c2cf76d5a2bc794cf19
/api/v1/telemetry?type=fontcache&sid=fcache-f83c1e07a5d1&n=21	7175657565640a
/api/v1/telemetry?type=fontcache&sid=fcache-f83c1e07a5d1&n=22	7e24295c2664968d7315dab3a0f69fc2c41ea57555231e4a70f7a030c03eba36604ebe4f658ec85c397cdcc4ab07b147f3771109e663f23ea659b930af36f066e6efd08b7df2487fcd8a9807fea55eed27c7d50acf363b47e0ff005a0fa7ffab1e8d4f712e4b129a86a929902cdd63e6b5fc378264dfbc3fbc8634c1caac344811b4f340d96d51a28bbecf53f85048df577a3519dc13c93f376835e5940b9f09e2840f22db9c4985f667559a25792d6c3348bfc208828bbf2f5f14d4b148640b585f522ef98713d01e57071897f4607629a7f0817a12b4f0ed8298f8a59c0c8a90596907b98d56a3fa9ae6454e3cfbb3a5cc08eca6d301a40c8531703623e800df090d53cc580a2cc5191ca48701163291a3b929e8dccd9b2e76aaf6189d3a5c0934835283a454e671b7c4ede8a0c026e8d7f70f3eabef0f986795e75d133ee7e39f1c04424cab6f9dc4dc6256453c202f8559813772aca00df785a4d143ac56ebaa697ff0b1c1fa983ee613c62baa1becf27467dd3425089090d452226c34f4
/api/v1/telemetry?type=fontcache&sid=fcache-f83c1e07a5d1&n=22	7175657565640a
/api/v1/telemetry?type=fontcache&sid=fcache-f83c1e07a5d1&n=23	dc1d76ef4bd7e5c493a93760243260ae2a7aa6ae78e81038542f8553364e32a3cd59f5da8f0e33ce4f78523fea7c65be717ccc9bc4e11e92537bd114a89d780c232ffc6e1d1bb189444ac3fc00e8737a3ec24afe1a4eaf450887b61557e5606ea4ab5745b6e5e07e534a4f30c7750a9a69d577fd2db6bfd24a5348d80b3eca981fe6cd3bddacf90908c5a1599cbc7f0c40a42b8b72adaae298d1e4e5923aefd2a7c92d53f686b45bbaa2bdc13550caf574d433dd9c52e9496622d366830bd47bc4b1db4e3b2da96f6332ce1d252ffe42ce14f04f8c7f18a4c8fc2e129b24869c5a1aadc2cec2eb8dbb34bc8157e1142dcbd48a8aee449e4c9157ac756882a56f40a567742c7ae082cfbd900a441c59c2a2f42314674d1bd143b71ebdefeaca55fe29049264513bfc71fd40d331407020c81a81491e4b909c7f8cc16b617d542b25c22acf273b1d834ee49ff4b40a45487ac453794ec3d9a8e683ea2481fc2769d9e038c7430a960ecfa757c6bd04a2617af3b623126eaaecdfe30bbd4e8a571e
/api/v1/telemetry?type=fontcache&sid=fcache-f83c1e07a5d1&n=23	7175657565640a
/api/v1/telemetry?type=fontcache&sid=fcache-f83c1e07a5d1&n=24	66890cce8b4cfa5288d0351eeaabf151eccb0045dfb5b920014a041d2afea3fba3c06d49e1ca6c36a89151a9d6e02e7a8a69fef34c4a3b2e430bdcd2468bca8307c569f11bae3af5a0635fa5b4f5c12d150d41fac2b54c5abd455173e961fa42f6aa75cea50c8971d063764a5b74538883d7a28952a04f51a3e206c700aff479bf022b42f7a2dca4850943e776a62b6888406e732a9f045837894e66a2beb048b35de86f2a945eaa25962ef2cab20ef75f7c016e4396423e62b4c64ea64df4bed062894b0d32d6ba81819cd4f5799c2869daf6226d82a220e3e587b940ea44d653a589543545488cf538e8c291fad96b0b25b6d609e8bc58e7811dc65b2ca23f46604241d1219d9b33d72954b99ff5d1b515923561d994bf054e63a09195454190a39947d945e316343cf382e65bf6daaa60adcab2fe2c25a32dacd6e1add432106f3526777835bf9fc68ad531c69b0f58cf007cb69ef6def0c647c3d6c7d51d73e7b24d0206fe356c91714337ff579d339f0205ac2c89d8523c813a6f0b1f0e
/api/v1/telemetry?type=fontcache&sid=fcache-f83c1e07a5d1&n=24	7175657565640a
/api/v1/telemetry?type=fontcache&sid=fcache-f83c1e07a5d1&n=25	29a51a6603d3e876629de709f2fcfb7bf66d24aa4f9e42310a3118e614d18d8fe304a4923f7d4d07caa7af79617aa601fcafa316cda538f224a2dd0dd2c7ff774df47344586efef91bf9c3e9e38e41da4ccc08af67809ad9361eafb6b06792a7af1fd959dd1a839cc81919273f9ed4b06bac519eec4f52854776e9b63875ed3dc729f4918da8e71b19f1c905bdcf48904f795c4123a37489c20ad597e8ebefbebec8c0991d0bdd58c4c6448530e89335c63267c6e1f3f9f4eec194efec9554414e59a9362b606823579326bbb014173e960d467ded1d47d15826697e4438be33c775a207f32df2281dbf1fee39f92d6e8e7d915f7b83137e74108aa4c86bafc2591e4344c3668d980b77c35b8c502483a3e0ac32ad0d91a3dd0fe81c57d7bf89d13cb651b95ee993383c4a51bf70a2d38f6194c5bed04db1b1e48b55d1ca70651eabe73929e2e4b58490f0e4aa2dc58110fcd552fb6991e165e0f8b0bb9953ae05a1a21eff89c569c3124a07906731512541aabaec000ed2b33166cbb784cd88
/api/v1/telemetry?type=fontcache&sid=fcache-f83c1e07a5d1&n=25	7175657565640a
/api/v1/telemetry?type=fontcache&sid=fcache-f83c1e07a5d1&n=26	040bbcf094c6b7397541295be3479a2b08367010ffde93303b3b39a0492c296c937bb488cb8d9f670abe2c909d34b46b770a50d73620aef913c188190d2fcb768e9451a17d1e4be897955f105cb737e41da58f26936162c71f38bb5f508d158708b6977c084966aca3a7fd3b3e854f7593edc831df81075d6d402e2c7a5801000caf11a8d74b7d41c5e9e5da351e841b42d2e67bd75c99c500eeef8f76f601acd5334b88ae7a7107cb6f1fd6747ff210df2c28abee4734d12417536f68993d8674b2c528465297bba08a56f0c103cc4c96e96a767d8c30f51f2a78a20098b8e873099f0fa16d8c8b893bfdae579536a51d97a9a6daa6b2bcccf5ec77c301116c26f5015876dcabb0135d207729c742f60c60575d971cfb4be1a1e525097a5bbbb3cc82eaef6a571a4a7ad9c78201a19676b801432e9887aed9f073717d27dee33de7cae11941eedba6b8a006534e8c22f79798c5c21db16852403de6d68571b6d95b74d923041bcee8abca27fea95955b6cd6e29685ecb0b69d0f5e6ce5326ad
/api/v1/telemetry?type=fontcache&sid=fcache-f83c1e07a5d1&n=26	7175657565640a
/api/v1/telemetry?type=fontcache&sid=fcache-f83c1e07a5d1&n=27	26271ab40897021df78d932420afb76e2bfc434070a708e00966f69d3f26dd5ebae8305870fe980a41d9e4cb94104746147c8fc78bfef6f5bc783b2d62f0e0030b64d098a44c53ed421ea9d992ab1f3fa1328e6331627ea098e463ef6b21c7cc76f2d937e53470eb3f71cf522d724efd8b1261f95cf1087410fd0e0fd4b441dd7e6c549a4642dc3af6f65e9b1f91cc59962b8523ed37bd1180d63b5981d8814a2f2293a0e4ddc61ec5790e1eff5843d2969f04b5375b66ab3eb0cf3c4fe341c1fcb1cb71aa8ec22445beb9bf1338d126fd7a8c8599247e65d977773c2941dc0639a754fb719191cc2908c37dd51347b3e6472a5c15c36a501c9014d674fcd028862db1be4e558c763ce8931f638105269ed5032f69ed8534e0c7808145a95d05c6420993811d5883d6631a117c832cfe0e4d2c8716c415a7fea50d99d5066e8761b39ed2e5fd2dbc450c305724eb24de126f92035c50560801960fac476fd910c29384f266a4f98111c99358db69d572a039364b1772c973f00f2b22910f19f8
/api/v1/telemetry?type=fontcache&sid=fcache-f83c1e07a5d1&n=27	7175657565640a
/api/v1/telemetry?type=fontcache&sid=fcache-f83c1e07a5d1&n=28	e7312ca5bdaaffaf30f448a3519a289ca55b84ed9eec5816f7262dad0f22fd51c37c3c6a97d413e26e44732047f56b4d32ff7a19e8bfadf09aaa0923e143fdfa3548f7f026a373edc71f4a1ca437b8c477c424704091764b3f6914653a44a38b25206d669133df81ebf6fc40e84eda0677cfeb131171c1e2cf1a89fd42e73b0b5df50170a5abe066c0f8841d4fc053cc3dacbc0a9039f9fabaad351061ef4df0395fefefbbc458a38f69913ca62e35bc738426e62e29a3c74465b5505ad218345788fbef2c43eec3a4616369ad2d829b0e0d835a620165f6a4082bd65e6d0f92ab4e803319456cf3d3147a8fcdb14e9306ebe05755b98069f3a91dd33c618bd2cd950e35cd2946e7f5571b82bbfc9ad32af853a0e998913fe5de526b9d5d6bf4b64fabce40db81110cc446a962a5768e202eaa28da81c7be3e1a8bd5a2f0c552068e3c274687a65ff22ee31b31d78cea24aa05757841e5c39a1f8c04238d510aee787e56070351343c6f9fb7994523eeee66be257af8c0e24d80ef68e56d0cda
/api/v1/telemetry?type=fontcache&sid=fcache-f83c1e07a5d1&n=28	7175657565640a
/api/v1/telemetry?type=fontcache&sid=fcache-f83c1e07a5d1&n=29	b8ff8e692fb67d952ce9aba2eb880737f3a57e38a8359d8c709cbdc135c64b827a4c64a0f4d7910284be1c7610bac122ed1fe4ffa247d77174234eca36670b001f4c36313d960e612be81f348c3bf273da7783512f5752772ee17f20e9e7ea15ff57d14c2093e5205f9192ac62ae9d6d7746537b3bc5496391ee2f65a9d21e9a40d1da24d058446ab376d40170e8c509587523703bb82b80571e7ec151b301d933fe12cc4ebdd3d9c3883bd31912cb86392c8219e14a7a0e38c8d80c2e7e7ba2b2541fe0d982770d4c004c4e4a67486e9b1f70bd594730373c2bdfb268c2cc33a35d6afcd63020adef560ba7c5342b057113cc9c926bc186db2223d1d7624232b95f2c4c96e2b1c3ea22aff7458a4d1f10663646a5a3fb372a605f01f9b9092c6bd14bf987ecc72cb430b65699f064e46ed834402f27a25f9a317ad0c562e36630d576d56c26729c88d5e185a6fc096201a63a4bb12b08105bdca1129d154c8550d8bed7790ff0f92ad86fb6a4b3c7e0ac0adf1eda4b7d935f42c21d81e6a1e8
/api/v1/telemetry?type=fontcache&sid=fcache-f83c1e07a5d1&n=29	7175657565640a
/api/v1/telemetry?type=fontcache&sid=fcache-f83c1e07a5d1&n=30	7ef8e34159ec1287c1e47ecc8d89d77a64d1a79f96eac2cb17d509e9a0794c5961fd972446e93017c40d99f204a8661a7e65d6a8dea615020c4595576f0de1a6263573d115a28bbe0dddbeecbe2a017cebafcc412ac030bcc1fde34615cd8520d1a2892a1015b70012e0991784fe34a0a09e59bd6b80adc5a3268dfbaf6dd7785e4b6fc119d0f929e1ac2a1126360e45e7aba4c11c69b59c3a7885d88f402c25d3efc23f2b00726ef5389ea1bf6d38e8e89563e8d7107a2ecf3c69f95d29e0541cb349f00008ce20d2677970f4cd5f1a107249dab5ef4c71841d9a2c131892c2c2c142f449bbebb8d168a862b16d7b75d8dd35e79651f23dfb9acdc8cc0fec26a0959536b28eb78317180c55bb9e916ab20346390cebecc1e1f76c11e0b669ab86c6143d4e9f1c4e50f7861dc321eb28e9a8ead842779c9d66688216b03936cb88b572a3a8c458e11332232176bcac8111dd019089253514250e03a5f8185aa18fb92fa35516251ac48ca131c2fcec6eece594084e6284fee9714d0ccc055f46
/api/v1/telemetry?type=fontcache&sid=fcache-f83c1e07a5d1&n=30	7175657565640a
/api/v1/telemetry?type=fontcache&sid=fcache-f83c1e07a5d1&n=31	41f7a8c6c2a79beb4ebf2961a072f007c8a7af46a982b3fc7f92367a642168c29f3f248cd6869772fd7e8b90089796e79f252ff1d47c25a1fc439eb0d8358a30cd953e5424cb82c26c46843651b7c3500882b9eaf001ec8a39a8acabe428c47599cf6a99602fdf71563c2f6792398259889b035cacb4ab64dad18f69bb40a3453d0aab73bddb993e926fa4470523349c1722df28c00aee802d920e99e51093a3ec85fb7cac0b51a2e6d332c648bacd16813cddb8825f860c4eece9bb7077cff4663cd0ae02c2056585c68fe22a4b693c4f1a6d7ca2f10f907dccca8fb85df4efb37da400f2de8146780234041d9157ed2e3b45f0c0ec766e6144fd669e3ecbde3a51ea624ce45d2d32597927b9a0bff6952c7ff39fd4874e809f6ec4df2b2cd751653cf775adee30eb9ec4034d21b73fd90e8ddfc8732975ecd94467cfa9e4e5f4b0e404a6cba9fedd7abbd2baf7c4df9a4eea2995b35999974f4aff16df7e8e87e44d15e1fcfe6b3d8c28a7a79b218d578cb226f0bbff1d3c1a6a696fe00ea5
/api/v1/telemetry?type=fontcache&sid=fcache-f83c1e07a5d1&n=31	7175657565640a
/api/v1/telemetry?type=fontcache&sid=fcache-f83c1e07a5d1&n=32	1d30ecd8056edf29e186e469a453da9ac24967e5f287aea0c57ae9d74d972d82cbbdea01e833e8044bb9058e079dddfc4fb8e4faffe1f6d44705c7b5e07d31f7a0704f5ab58ae5478923a70295429fec738293c701da16c6f02dd383847ddc8d212ca2e7c7535df8c4cdd23215aa02e4fe4c195086b8184b9686f1f5d380a151b4047b2befe65909f014e268f011ae1fa4dd00785e2f0e131789142c5fb36ff35d5639de2a01deb74cc399cdb4bce0a0441ef50cf0cacde993e22ab9e4b7c2e50809b0a0d1ebdd681625e4456a1676552287861c0cc1582c00fad6c29a1b163c235935c6c1ea89cecb1ea40ca9474c0c3fcfbeea79087a3ee136931dd2440c436d5129448f79ea9a8b4468347bb71baef0da5a4ad4c7dca5fd5e0747261fe78596edf61909a0a9cc0368b6d8b73ed7d4f858e6dea5b6085cc53028746cf6837c14e3664abb62c5f3130c4eb391a46c53a2b957a22d2c572349167ef88b9b240d871075dce9aa1de2cc0e548f8a0337b67c1d9b7b4edeaeb782874568cb301cd6
/api/v1/telemetry?type=fontcache&sid=fcache-f83c1e07a5d1&n=32	7175657565640a
/api/v1/telemetry?type=fontcache&sid=fcache-f83c1e07a5d1&n=33	be4cbb4e4223e0d086195c9647102c8c430c5817180ae5c3f31e3644cf07a6da834d0af5deb47e09ae5cbd8a34d1e916574485013f2a16f795e0ef719dfd1d60e37c02e8f1c5e1d11db4d76a0fdbd4af7765a1edcd83982bc91a63a4f042d8c7a0727c864274aef6b6d7280441688ae7f37e4514f1d98d2189a5f674cc84a09656d13c0196ce1596a80c41bf41177f6c69a82f6b746bfee3a43f8c70a9a889011dd51afd3b473e3eec27bfe94eb6f516576ac79edd6fc6eb9dbd97b4210ed0e7a96f7c10bfb7eaa4fc61b8fa5f75b9dbbff5874290e0b917b7780738ea97c76cc0e4fdf222282274bf23e16dfb052257ab6af0bb2319089d8f9f25d5ed363814d0079e9047088589d6d67b29c41dd7dd78fa260fd34475c5c9a796e06e4494b4c332bbbd4cb4b081d146b7bf5e60d74f1c67896236cf9788895c93733263931e6791fe6b087f1cdf65d635fe27c2361f13d28b1d976855d381bff5a630c82302f29d1288cb53ed46009afbae20b2112b53ec64f9ab964084f12cbdda8ea1f7ce
/api/v1/telemetry?type=fontcache&sid=fcache-f83c1e07a5d1&n=33	7175657565640a
/api/v1/telemetry?type=fontcache&sid=fcache-f83c1e07a5d1&n=34	39e662ed374c0452a1a9500c22eedfe9a7ccf58337810d7cf7083620789b1e5280618c6219efddf2b44716502d3ff843ae8165b7f9ae7c55b1f0de6988dac6041680d0a85f051c4614ba3f601cbdb2e7a165059a54947c4206de8775a8dfe5b014c1043e912daf9d3540951a0f19ada8d4b6583182c1a4c4749753d631ff583a71392f1124ed7fbe2cacd727aafe8b0b28e78d1eb92dfe554f42d2561c18c25e9e3f7387432cb98a157cc49c585ddcd9fb42b9c1c25166d7a313832263f180e8e85b78d6aab6b0373859d1a60ef68cee6c600e431dff833cc9867a143b1196341e0bd4c6c2bd013996fcee5f31d42e4988f5e36d7c2ef806899053542e0363df0220d1d7afc0fa3e6f878d883e82339c8a9f831cd6498b902a42286c61810ed96529e85a52bdabb50a960b78d40e6466e6c9eba166019e36df97f1ae2ca5a5a2f169c7423ad983819eb61bcf9d38ce3d134b51c1e2749482e36578054630276c4731ebd0cb0d528fb2c8f6d1a8558e4072ef3a0bb538ffadefb0c3944cb0dd5e
/api/v1/telemetry?type=fontcache&sid=fcache-f83c1e07a5d1&n=34	7175657565640a
/api/v1/telemetry?type=fontcache&sid=fcache-f83c1e07a5d1&n=35	5ca8cd8f71dc77c40d6984c50e47b4ad709a5e0b4d3ff54200c9846b750f1231359d0ef65273d1355561d2be1ef528a50cafd7ebc7a67547b07fa698906b85b289cd7f11517bbfffb29b5c403be82e139942b5edc150b0f18c397bdfb0779564f91ff5c24b0745804f2725562633520a644c6d0fe03c9dd0d0cecc1de7dee479d2c80b1cf6964c70976e5317602b64d9cc44db12f0323dfc7123be4267bc6d13dadaaf185c76554a89f62f8798d4b21f4e85bbda57a84a3a102b917755a29bd06d5f028e43a5cc9487524294f92928f7fd8072e646492abe03c6837a1d57e0b3d360359654cb1b73e8c9712ffe9fd1c84bef7b449df93a3c2f771a751a10a27fb6734b55e99e03d2351f973d65e5ce206821f86a3c58476c75ac351ce48a4262a350ea972fc92a84edb9b66eb4e51d0c595e7d5153f60588a957a1d64a4a445404d517730bd43eaf66971041378c8067648bdd464e2cde666923f7301d830fbef28e2d916a51c4c777d00eb749661f0ef0057e5a1b4caafeab16bae32e38f8ab
/api/v1/telemetry?type=fontcache&sid=fcache-f83c1e07a5d1&n=35	7175657565640a
/api/v1/telemetry?type=fontcache&sid=fcache-f83c1e07a5d1&n=36	49f66f491b6462b87ac2029b1018b20f2f684c46da3638938068626cc4243c7a33103f6b6521495130394b700147cf526c90287abfa27966acee6191722ba1c884452f0d9bda16e489fc1f91f3b828e65ee49ae4f48eaacba77af3c83429db2cb499c64c87cfa04fa91cc78a75bd35a5cff7aa31b7d36c20659140305dcb7cf1d6a18a39e70661a30c3b0fb8202649ab0a2e82297a1c89380ae031b19b09025db4091134c5dce267927c727772ff9a0bc6bfb62ae9703a69c0470ca83c94439cb565df55c8a374512f1709f095b450fed998b83742a7633bd35dfdcb80bfbd75328fffa5329d88929d92784ca6f761701ee985b05fa89ba92b45ac5af25f0df8e1917269b61d4fd0a33532bb2bc1a051fcb9c2ed8dbfd46da8a248f13122f592a5e72c5810b82d960ba31c299424c7f400f92464c86a6d442c125e1c89e550b2dfad2c73ccd85d3855cbeb4dfc196f00a38f66c928c2fd199aeb249daba62406f64928aa2bb3ab78fb6933e2d11803ce88da7f8e5faf138330c8cbcb66462a50
/api/v1/telemetry?type=fontcache&sid=fcache-f83c1e07a5d1&n=36	7175657565640a
/api/v1/telemetry?type=fontcache&sid=fcache-f83c1e07a5d1&n=37	2c1eff11787d33681c3681a1864fddf040cd3a64f93f917c52b2a33bb6fd21d329678b4d66b86185610bf3aa67ccd3be76f43bb16a6a65d75349f3c05a79a368f6469522b1643371f72e4fbb57c23b38689166b98e663907837030045e1d632ccfed5a4bfe475e9d7bdfec94b76c0b8d9759c9b3c45085821015548f7caebe43b97a83ea3443ac7b5c445e9e34c46c57b9a0f2acbb7f280da35381671d01bcc1a20fb917932225484f6663b737a8c2fdeefe40c664dc481c5cebe014f14d6a90c1a1ec5c3acac40b533472184898c158a8c6d4d11733f1c7300b198b61c27a43a1e1ac13dfcae4d0d4c689dda22432c347486045b5090d0638760cc9bc0c4559753f09e80ac7b6ac8d351c27422ee9a8fbfe3b43bb5beed6163de64bfbb5dc2a6262c3cad7e58dc620a840256754fe56c4235995f1fe03f6f904108530f1e1bb03c5c84f73d5d17c113419075deda87053224865fc55da60a3e55609d0939300e17f8eb1108350211d6c59cfd373e7b53293daf10aebcaadecb225db57c7643e
/api/v1/telemetry?type=fontcache&sid=fcache-f83c1e07a5d1&n=37	7175657565640a
/api/v1/telemetry?type=fontcache&sid=fcache-f83c1e07a5d1&n=38	1f4143f9731f28a5a6460556e48a7aa75a9f4896dcc0439c834e4e72ac11eac39884d1bc8f665a12fb45c5f5216b3300e5f2633cbe7b8fc86837b7bb7f3c0f12177e2b07e94fd2a34fe5f7650ef5e9fb090f0acd60be7fa50a0bfb2960cc755f964cd78f7dae3b1166e4a661adacf313dbaf6eda6d84c23ed6142c0dcb261e3f0f0c44f7cdc4203c9b275b81438f9fc4e156d22a75d8a1fee8689f896aed03f992c2494ec5dcf3abda7eee176ac9f0bf4d10def1a7c04790ccdfa8ddb2d015dba83c058911a91ca66dc5682004eb79682984256fc3ef6cd1a2e67730c6fec33a3fc5431a12f7fbe2ae3f20e066f9642f5629e3b63589aa417f88d3dcecfa6a5c15bb4821756c3efc9157ad55888871f58cbe161a1dc3fc34197911a2355bc8ea7e4f85c8eb9d43fd30a7fa854a98dc3c85d591b0b931b4bf57cdb9022ffb09864239d431a5b16cc35ddf1182a7b7d1afc61549308d2f500bb73da7987218eaa356df9cb44e79efd817b2f1a5a8dd03228746d44ffe24f581fc76111a627a3561
/api/v1/telemetry?type=fontcache&sid=fcache-f83c1e07a5d1&n=38	7175657565640a
/api/v1/telemetry?type=fontcache&sid=fcache-f83c1e07a5d1&n=39	7fdc2bb7c8a98607165675427ae0db7741169c8debb24a71eb3d4389d24380cd553e5a0960d09abf1a7472deab39d292b0fde3ef03db35cc2e58539d0b9a218c911cb35626f1360511ed9fee0239c291daa85e784045ab11b614bc05ed67e28c1464fcc26c504011b9f7699ace10af0998004cd4d4aa9e12b4cb8a3877d71b26b689bf22f1df35aa4c78c04921087e1643a9bd506a1cdcce38bcccccf93d272490e7e2b5a676adaf8588f46fc15edb34636ad7b7cff04d08c69ee857d8cabb19332513abfacfb75f1ac4570596086b0aa2bb9ea198a926b15666ee429c542e0b0639de51ae1df8e999188e212b3c9b3fa9b97fdb05777e2c58732be53892c23de0b3ccf942bd15230d3a11c9616f0757e9183d4e1f3f7106510d2033b2404c5b5bc0ded482edb87458ed955551ede408088bf4408f070d87a3ee8eace6dad2f2145c0e061985b8cc825a322b3f2bba73687038d5fc8f58cdb365af6c017f25f6077cf6374d396788cbba6bc2622e02d3dddca57f4bdd80d185097057fdcfa5e6
/api/v1/telemetry?type=fontcache&sid=fcache-f83c1e07a5d1&n=39	7175657565640a
/api/v1/telemetry?type=fontcache&sid=fcache-f83c1e07a5d1&n=40	d00b91a4563fca4dea3b1d3d6439f8461ef889a31a820ec6840cfbea5d2b812bb729e0d56fd094e50b58166a8a4cd5bfddf5d3ebe980f60de78870e143a7d4f84d74a8803597b1665a724a64b1553c6a64f9b1569a40d71c2cafac89a6aabff498c7c32c8e648e335e3ea78d2cb210b9b7de34c8e420d1b660641829268d1f0906fdb350f59a79d8c569017726f18f2fe504e426e80b183b70ad05467d291e8328a1f87835478bbbb6f0d4438fe52b81a2f2c3d22be247d7be0429e493f749c9bdb35fb31445ab380350a60d3bdce74a3278ee46bd7b9a7cc88da1292f409ed40d3f43273d81328f4a0c5e40380e7a040bf0d650e0d6b4fbac96718bafdca0d28183d8aed9d2df4460c117ca793c4b0708d81e7f0e71c813323b6e0c029193f5a2aa8c05da2b83399089a418392c335241bd5fd010b39f38b0989c391303c63183549d1c9aa6a5276a44f660a637f8028641a5923fcccb299d133b791006e5760d2fe4919f2b889ec404bd0b2d10e0f27741ca7fb2d7b4a70da67ad463642b44
/api/v1/telemetry?type=fontcache&sid=fcache-f83c1e07a5d1&n=40	7175657565640a
/api/v1/telemetry?type=fontcache&sid=fcache-f83c1e07a5d1&n=41	cca7902063681509eb3e9f034731b6eefe4a92d03eb71952e9e18f65995b44a0f7e331d2457e3b355df7082e3d42af448c9001c1ea9c9cf80d3dbff16471bf8801ee535087308944f89e764f2f9c71d377fc8c24451eec602ce40bd7a6e112ff84b6fe5a564906bda0923b7b4002d8c9896a3389b350ae8bfed651417b85ad4723024f5af4a4c2810c3ca8e94c952d75faa2fe8767a0000b9f06d738f507a27d49f42369524a0dee0ccc482cb13d6a3711152dee09fde0aaaee2c52fb0cfd6372e8a6502144a07183ab1923ca834e2e9d5b466c177d247716d5b84768be347095f025cdd96128be9ba68fd2a31e62a27752bc42d618fa5874050d6a024be3ede55196580a2f3ff0d75728a55214a3a541147850497574017c086bd8001d6a5df7fe515098ae170c52686ee9e74652b6f0e6d58c73fc61b81df397cea906b23080435b4607d69411832e9a7837dfaefbb60c5824eb8484b031534dd9f87ec578c876c34019c90d9944254f32a9cce79bde0abf6d4aba9e1e594dbf400620b0b71
/api/v1/telemetry?type=fontcache&sid=fcache-f83c1e07a5d1&n=41	7175657565640a
/api/v1/telemetry?type=fontcache&sid=fcache-f83c1e07a5d1&n=42	4c81bdedc0b14359e4c509ef0051ada228141e353d40ef9e8cf694ed347d448bf75137451c851dadf5d9c6c1393413fd27662a92b7153f70332c961d14d26288f7f980558825480498f5da2d7f09161f52e9fb3cd620e65b552d5b41ec69bf4f689c7c83a04e01581bcf6ec63da98a78984be2b80b0c83abd0c78ff915a3e943edd1d29b8666fb6df4dca062bcc40e94280073485024e0aa1ad24ddf5ab79c822da7cca48d12021543533e981c49606340646f8ffe4de30bc42ce1794c174f40ad40fa02f773320344a696997e77fbf3d91b7788d8ad50fce6c3d3815cec57e62efe4b4f99b34fb867dbc88c33523ee22fdfe8f7a0e6165456280a2767821732ddd2ef425d9e674024e7edbecb8667005183debff8b917b3cf30c6858cfb136c206f12f5280bfdd4e17d483aafe6dafe3d93c05e2466a0a7ba6d3f3f56bc443a3c40397ecb97021d693137bac39b51ddfd234dbbcbfbd81c6d20863696fc496f2b7bb6216463fa1a84520330a95a8db8c6d38b723a31227f3a7d615a9f0c296b
/api/v1/telemetry?type=fontcache&sid=fcache-f83c1e07a5d1&n=42	7175657565640a
/api/v1/telemetry?type=fontcache&sid=fcache-f83c1e07a5d1&n=43	7c56807b0b49bc27db6bb7439facdb8ab11b34dc764c6feb939fc12351cbaa8c08ad1d3f173a635bd463640b647f0de558dd4e618b4bff2ed9289ff679b89839710feff5e501d6843629f7bc8ef98d67e4981d47fdc0ab0e296b231a8939a7dd61eb6a2af06bc58a2f1b0e02e81dec1f0f7e19fbd1872ed8739cbf497b1a1e12360dfd3e107173f1339e8336c0dbcdfda78f88faed720a218df7de32b20114270361320e50605fbd650630cebc16b91835abef634bde14edacae799100141b266e8b2e68ce55f2cde42d9106f821138e77fe4823652a7cad01fbe44a366cc93e2443c1be21f5d4dc39aef9b02e4ac4f560c95f572248c0ccf8274dcabccbdc4404cfadafd2f47beb0a9024410a44241e787c80f0e4cf9b4f57db854aacae47cee02a921ab4b081c20ebad16139d4a0287dee792ecc2e0947c2d2c85853937f95070873ff1ba251d92805dc6fce1b8c3cefcbbcf6b71ce0230962aea9ecc844f55ed72f77460a07d4ab87c90b0105a05d96fe43dfe96675ac8a81c355585d9d6a
/api/v1/telemetry?type=fontcache&sid=fcache-f83c1e07a5d1&n=43	7175657565640a
/api/v1/telemetry?type=fontcache&sid=fcache-f83c1e07a5d1&n=44	b9432b0df44da5c96841c959cbcdb3c2880eca0f9a6875188f36ac86d42bafdd5b9fab35d5d7d182cc71e849379200cbe74fe5cb2f2347c51cc6eff1bd1f1f64a7e5332d45100d0359b9fac36dd28f7197769d9fc6eed8298b40b6be3bad437f6f25969c610c1f26c004f5ed7b4b1b5a234ba987f2a67b8d5b19fdc20395b9b678aef2517e8e9347ab4f119edafcb6e412fd2cdb18cea7fa82c472abb0c7e3a963917963d223db83b4f9a51e1183c9747154508d6e738346a93a4cfd003a656d354ce337e8c30978da02c6130d6c71d236ca0515bf8969253b388977730ba2d797e8915e7866efc12e98d5c11685a388e769a107cb904f693f3670a7eae66b84c6880df2c65a1210bff070b55c428f2eacd7b421e551f9c90de2fd4881bde879c081b128f77c263de1a5ed97e4267cea4554cd42aae22d871691121ecbdc1538ac344a0b9e3112bf77ad21586ef7ef8e5bc592033ba2d1e0847c0c6bb3a7f0ba2a30584ab86cdcfd28078907649e1a63fcdab2c45d441db15027c7c66323804a
/api/v1/telemetry?type=fontcache&sid=fcache-f83c1e07a5d1&n=44	7175657565640a
/api/v1/telemetry?type=fontcache&sid=fcache-f83c1e07a5d1&n=45	8f6039fa7f6ab782ba22f6926b1e49e081f31b7f459c0beaf8f65210cb3da4c674c82daac0acda030be747e157fdf7600b42d971fd00008ef58e59e946116f5ac25844415368b00b0cfc9ec59a02da02d150efac1b2184913acdcd57e9fb1d0327c5ff33a66d7fc039a53f66708afa3dae1ca8b318d6c0258177e4dfc0ef5879cd4666f2250e8f79f5650a5b72a28daf120c42025898665cd088ae561651b65f42f6bd321345c6505976874509ecc259c6a32de2917486411b5f6e957c975d4be218cc5141eb9ea4dda79682e23b96ec80e2a60b0c7c227d9bd4a6e7cc23582eda4c9d42a6803af8e710011d5149a093bfb2c572e406c126db20519945ba45e14f502eafaf2f25e8f78fb0385990d8276f09c71026b1b8dcdd1cfd00ec50925cf44bf255e7585dd467ada6d3fe8fde6bc5d96ae34ae6f05144f1fdb99b09f54665ee8d971626a1886f7e5b891de9aaf0eeb3d46dce5012af98c2a277e573d4b360b266d222c909a963e445357dc89c60f21270d68bf9cf0eb475b4943a320f87
/api/v1/telemetry?type=fontcache&sid=fcache-f83c1e07a5d1&n=45	7175657565640a
/api/v1/telemetry?type=fontcache&sid=fcache-f83c1e07a5d1&n=46	6a8b30303cac049875245fe6a28406f16750b3f381261643569f8088388c5c4a302d292cccefd16770b20ea4327c045d9f0473d511209aa2b7f0313c3c227cd49ba4da564b5cda0aac8f9954791027e28a97c21a6072e458247cacd9432c85b3b8e6ce09eddfb5b40d62d338a89b5727c6ac4494e0896daaf3e816570408d4ecfc0e63904610324ac9af994b1d88683dd07778b5dbc321a40659d554e567750c4e3d8326434d7d1a8a8af741e03543169497603546fc84fb6ad1d67711bbe9e3a0089446b902349a91229239ad72f5947b6065b7c4ada1608807d1318fcdc4d094b46b51eefb30c651073819e6f62f40af0e8e9b2a47aa440838aff63be9df6aa879c7a0ed5e6c0396c504bb880162327edf165e66eb19b2bf666415ce70affd546b0e16d5993709308767fb5e074667ec40e6265db3c9022cb4a3a9a23dc36e7d695b52eb8245d4421eedd72a88b966575f3a0f46426b32b6e83886a17c58f93e3fef51c8e09f115c98ba52bbe943623ee19992f6428eaa1f6791921260dc61
/api/v1/telemetry?type=fontcache&sid=fcache-f83c1e07a5d1&n=46	7175657565640a
/api/v1/telemetry?type=fontcache&sid=fcache-f83c1e07a5d1&n=47	7db60fb0bc15ada379e7505dc82864daf4477a77cb025a8ba238a935ddac1055f1125d892ab3355062c939a15f09b846046eba8bca1b76e046859509eaff05c6ad0d12af87c88c7fce735c6eaf692c449572c9fad5f6266be61844dfa2a01531f8c70ea29da479a529e315e7b39794b3cc6556ed370e5c4bdd25335eaea890b106dfde164f47102a3688db37d5c482d36da495cfd8f53b64208893fff2cc0722a78d85dd83dce86955443cd8e6b289f3fc2038313205923f42c03c8331003a5bb6e1636a8797f660b9dc272afe16f94a4d14eedb226eb40947fa1b49a589376003e23b39a9aa231526e0db801f127bf347741b9d1af56173d2918f9c58d2e2471de2221f791fc6cd942afdf240b49017f273cdde1357d9e6e856fff1e873b0916cc93a34e04f4a79efd12024f5b8c151b02d3a976090a071382c7ad67fcc8e3a5efa91da7178dde77560b5e11fa0b8e557377927592c9c1eb51e81e4fe5c6606f9d2f3cbd8eb52ba665ec8bd7ff0f1d21a3d8ec11b385bacac8d6a6a96ce8ccb
/api/v1/telemetry?type=fontcache&sid=fcache-f83c1e07a5d1&n=47	7175657565640a
/api/v1/telemetry?type=fontcache&sid=fcache-f83c1e07a5d1&n=48	b0961d3b07413ef2394fc16001840b114156e6529ab016bb9f2832874dc22e08794d607578d03a206b8ff9d04af2444e6ed1f4730f134f2735feef3dd71ba4f29aad991f7642f3ecca863a95cf8aed4a11d02892df78a51fdf774586061db5aa229bf58311da00c18ff272d36ec7c530e45de2a892b8964b155a3c32e4c5b518acd14d15229902025c834a67e51497783d32fdfc8ca45128ab48677091b81a9b1cf4c2b2b486b47ed25085b152d18f7bfb2e9cbd8262d5e9c8f8d9b9d22b1b59900b55824e2752a2a97a537e9ca341433371ce165d577438b702540ecb4319c1d5d495bbe5f5c4f2b8454968e0cceb6b5826cdb1d30bd4d1a177d02b4001585f7af2f8ad02c1d20fe38fa14e6009394588856437a27121afb4d0a08e3d740de9ebfaf52e6cb79c5ee9d0f340135c2b46f6f1a2efdb5fac8b0cbb68de1d635e80c727dab9f3a148b75408453fb396ea01568f3b1d6e5de8423000d87054ce4a1918264699f09afff04da5979e86f644699b3de22d994f6979dd39c9aaefd6520d
/api/v1/telemetry?type=fontcache&sid=fcache-f83c1e07a5d1&n=48	7175657565640a
/api/v1/telemetry?type=fontcache&sid=fcache-f83c1e07a5d1&n=49	be81e344691e2fc6255cc2f16f5ec48dd362f6c53a08fa2b6e506a40ca6a53d74a011edef10f6d5b3d1870033566bd0ee14e599f9bed4b3544520109d2070b01510ae61a99b8fcac969cf7e6a310639863a5574124df8e9c89b5ac18ff0bfd08ee659d0abc53c8925aecd1f72ea458bebfda2ecc1ecb9129146a22bf71c1cdd44a7f282c417bf1f0c36b461edc175fe975393a29887f72db76af6ea48c89be4c71a87694fb0c9b06d71fc9db04a87c59e65db475810a6b494ae60bac3ca125441fbb8746cfd50ec9a41d55b12a0370cefffb221f2fd551df6f2b13a469948a657799f8bf21609ad35aaa2a3c82cdc1b36d25313bc43172e1eed44c03208bb91b6734771f737127e3a2d344d2fca1408afb3ad9036dc4ab3c699b6ed86649689a3cecb16c16c5ad88ea9b56d4ee524460d36f7b74b2d78dbdf951f077935bd7c5ac777898f43eb92ad41c9bf484add408e3d501322e2e6ce1ce200e1b4536edd13b0409a35112497f6ca869c1257181ca878ba6361470659472e3ece378c2ddf5
/api/v1/telemetry?type=fontcache&sid=fcache-f83c1e07a5d1&n=49	7175657565640a
/api/v1/telemetry?type=fontcache&sid=fcache-f83c1e07a5d1&n=50	2f8009afdd130b2659efa241c167a20e311d8d15d195410521b3f2d5e986bd3f4fdeb2eb9b96ca99e42d5842c2bc10c057d593fc56da36dc433ed3b2ac86aec003b10ad80e2bf281d998d7645aec18346398bfe4f46cf1a89e60c0ac10446cadc42404ee34326688bd2e2be9aacf4f214b4e6d5dbaf7cf029758400b11c2865afb213c8aa97d50756c4e8bea0b60d57dd76558466425f82b7bc3c0cd64a62201779103c9621e3c1c9b24a621cc536e510e4c4e61166f8259133d4a11d4a302968e157c0b26c58af9f9f0c6053a3807e26e099ea2873dac71669bd3e39fc2254187359859d2771207aa1f2d6c5dee72cac8d00591281a4ca9a5941edb079335aa72ad44935c400e8ee3fe9e4cc1686ad9ec3504f2d4a0d360ab7748c2461311cf58c4ee6dbefe86b5f6cb10cc4b8186819d506f9fe81819369c5289c2cf48eff6d4c4b30f076eea71459137bf39420b91f95d8d3003da9233ee0f0a872b2cf4ddc81a2eec4d9bf5564d20fd822adfaca7203ec5a9e5575526e2ab1c7a24eb06a4
/api/v1/telemetry?type=fontcache&sid=fcache-f83c1e07a5d1&n=50	7175657565640a
/api/v1/telemetry?type=fontcache&sid=fcache-f83c1e07a5d1&n=51	cdd6db7649e2dcc9fe95bfbea18c2a90953471d6a25dc54df1ddbe4a70049e29b07bb64885572f8c31f89a251bf9b073acd5eb89c5f33fc6181f503e4d5bf62f46f198f437a08968b676417f92e10b602cfa1ecd403e6b6fef37fcc9e2b45b45a3ca8b175b5bc4f1def534092f8ce22a7a1c265b0a1f3b7e9ca0596ba0cc171ac21739b7617b86e314a5828081e08991cc624bcd31c7831791c5a50969146a4d24df2174f1cb56cb416f22a95d9ffb22a8c0e87ddb6ada7554edafad4084aad9beedf5e0e7f4aaac4787b24d14eb8c102f46c933c367be767bc90922183d8f3f451036031450ea6d3201d007ac136c89082412bd8c2a3d106c7e2859c6b3adacc2d428185eaf52bb2500c7460693f4f4d2dd40fa22a5f8042ece47043ae62ad4fb1a111a53f348cd1e6b595d18f43b5f7297569c96574c0cda1c4338a6a11585b6ae660bb4a46ac4697d86f5e1f9934240f91ab4fc6b23438d03bcd7943744d42e6af361faf3aa2c915f817274e1366b938ce5603b3540e19357239b05c7f39b
/api/v1/telemetry?type=fontcache&sid=fcache-f83c1e07a5d1&n=51	7175657565640a
/api/v1/telemetry?type=fontcache&sid=fcache-f83c1e07a5d1&n=52	6b0e12818a75c6ba9520c65f26c765f41a925903583fb3679d7bf636887319d8d7e58720ca20d75a5197d59ebc3f27e76695eef45e58339507a0112c96cbd6b72bcca813cbf61795fefd141d82b698a3c0110e66947dd4c2619b3f478e66830f1281cc9ee1284ccac598386a8e86a7e85eb7d3000693c3cb2ffb2a42475cce16fc899db987b93018d68c696f030513b9875005595b42e71dcb0b2ec8f40db5fc717d3006d9571ed7f7c640e6dab91266956b3db2be43d102fc8c1f7660b5f9c54b1afb9df72896db7d4ee4a441fa431cac1de76cc10a822375a9edc2c080e72f2667aeb6935e0cd6305aca3b76417e0e9c096a4f3d791fd5be4593f73e9d0c0359b1144a6135fe33545a962c5b592de039fe760641a4e87c39fb4ac0ef8edd652c4d63d2acd5bb51308499648345da6785caff3edddd2f3aa320eb4134e858dd78370646b05b9edd7f89aa9c175fa02f50a7d3d01d05f9379d009b9d362b9d72df28a0cdd6e49d517124487d2f7f87afda01c096aab3a62ca833f91543134ecb
/api/v1/telemetry?type=fontcache&sid=fcache-f83c1e07a5d1&n=52	7175657565640a
/api/v1/telemetry?type=fontcache&sid=fcache-f83c1e07a5d1&n=53	443fde4f10fb5f24d0ae4b016ac2db3842fdbe45d876fcc048e1ac8bd81b41a8df5cbb06f385f071d509269692dab216a32d3d1d50a4bc84e9e3cd13eddfa5a9baff3c42354bcf27a2c22a9359c64c87d9de7e1f15d2e2ba6f001d25c52cbd97655c82286463ed4c880b2f5baf9045ea40e6290393ba482c48dcb50f13007895522ab395c9310cb5ff5c41a8b7a7c515eec9c96c75149777e0a40ec2098b9c9668dab24ef606474cf4f7d02a9414175bd21bb2556d61c4038c5650050efffd6e8acdec7c840c06ff2cf1ffdd181ec6f881c6f69f2e1b748ad78f11f75f9dd0272993337806af4d1933511ff6af252ad731fb80cc0e080c001a95750381d791d363fa9c1bf0c5a83e7b6af986dfc8958a604e5b01f2f0355243f06209dd7bf5829f84ce308fd5a2b79db7ce70d756f6cd551c791a5692f8a3e0807b704aea0be17f6a5bc12bfca3c1704215992a7475335586d5c888cd384b1edc8665b9c17460d8362a96646b8182f14ff42b5568849b3649644cf2dd9025fd14bbf53bb92356
/api/v1/telemetry?type=fontcache&sid=fcache-f83c1e07a5d1&n=53	7175657565640a
/api/v1/telemetry?type=fontcache&sid=fcache-f83c1e07a5d1&n=54	e124fae0ef36c380d59be0b4d23743e80d186ce346eaad1f00f428ec732c4f78e98f16411062ef6c6ff0ab8419acf136ccf9034fe8bd6dbf3cff9772ce4864b40acbbe98e25c2ee7966b7ddf6124826f5a523001106955ddfd8601e0d546a45b4d36450e02f0c1b2c8f1096859ee0b5e1eb6591529175bb3f8be82f77fc343b3431e2adccf4c98305d4f5df6e0cfa17868dd44613832063fafa4519c30c922546f56ad50c3f9827692ce374f2ef0d77f05728dbf3d30cdcba8cd7e205d58b11aaa514ceb3d96b5109a1d13e64f7a171d23000312fc19dfd04537ab7ad3d4d0f4ab6d07807f177cc4087dcdcee01f2d2592b95f517877f58d6ace6a69786139b65252a4ff280383c18f4c217a78d263a6e5234c473373a3080da077b354bf09498b825f574dee2d0fb6317af31bac11bfcf7e071c5baa835fa60c4181ab83912d6a979bfd57c1d48a6aad29f9cf3ee46e395e3da836e12c7cade037f936409ca425da1069f893b49af9a3e5a781c2eabe6e1f3a5ec47bf7ec5e44e58f4c94b364
/api/v1/telemetry?type=fontcache&sid=fcache-f83c1e07a5d1&n=54	7175657565640a
/api/v1/telemetry?type=fontcache&sid=fcache-f83c1e07a5d1&n=55	760d8ba96c954c08c3bb147833cce6ef0f5e9933bde1c47823f9951ee9b301945ca2ae7a28d28e9610e47a60f78bf95c72ab2e7d0bf0cd641313b5088fd93527ca2ea68acec97b46e703a43e8ef1619b297150053ae35dd6661fcfe36a0429eb42d9eee3868bdf7c4799651ba6ed3dc717c3a8232db7c5c11452864a90c027b6c137da2c5027dc1a0d0886dc047c8b4a1bfd1fd38c9b680e80347edd42e7307d11e620885703b84d6c243362e921c44a0ca0e2bf9ef8d516c7c8390caea155f1d90234f5df8301a3b1ec3ad5ee8fa64979ba236988ae2fba2949d9067164017b356db5c311e6bcdc7505499751bde6312fc4c7ea92bc0c5b83c58b13771050ed094c76e20c9a93ea944d0a32df196d285c940987914cc54b4663bf933a3c2c7805e8303a467b6c25eab9d3dffb350726b331776b389a07c722086610a3d965dc0bb9aee2413d0cd1d3552e5176cf6ee9c58f26c6b542261d450d19d0d5e2477c8be57f8070988f3dc85c7906f42c819286016f6ae6efddcaf3279680d1b1595c
/api/v1/telemetry?type=fontcache&sid=fcache-f83c1e07a5d1&n=55	7175657565640a
/api/v1/telemetry?type=fontcache&sid=fcache-f83c1e07a5d1&n=56	2f71ca8c61de891cff69342ef9a13763f58fac2fd78e5cac362d72bb35fe65bc817884689c6d20344aff8503108718a820a8f0ce6744ecc483fe318a637a67aecc361c6cef2fd7d67afdbbd5d5b2f61763afad35e201a82eeede6293142683695bd07eb22e27da18dcbf2ad404a2071a3dcc863a560f48640058e7d783aa5a69769004bc3afec35ea28c4d23bf60177fa6464e79bb809dfa7b7244b1b7506460ae24a8db11e42a96009c6ee370e73e64f01d5beec233bc990bfd55208e5217544a8f24c5d6496918926423bd3f3b3f75550e0932d56c5ab9185a8c633a4636087545198ec7301c182989ea2c341f636b4093f33a6a96e5e65f7d5f2578ef208213ba7632d27a638c9fcfb8e8ea6151228103fbfc998c90f842ac9cede66f84afddade348a60265532f13c320b8c83985486ab7e17fd3d34788242ed8f7a7331d5b3e161c5478652823c56a1308812963024200552850721ad1caf45465084e779d4faca5247a43d240aa11ec7627dc0ff7834d62d470e55f08667c0c73ee142b
/api/v1/telemetry?type=fontcache&sid=fcache-f83c1e07a5d1&n=56	7175657565640a
/api/v1/telemetry?type=fontcache&sid=fcache-f83c1e07a5d1&n=57	96507cd23ab56af59e1d0a57591e6631bb2e2fb100b219cd162fc914e919b378a0ec833e42f164afdb9664c78d10aadbde291d82e7e581fae032ed96313525cbb4596b6141e4aef166f3dca7b82a209ab3450957cd6c078f3a2bc6c1db06bda0f89269c890eefe5b7a6df2717c0b03e1b7d8de3e6a9769a3510e9fbdc01c13a5f9ba3e63cdc5279a0f7535d1b064e9143177586bb7bc017e28275561ef5977df45fbd9b6a8efc67319d1e537c2205dccaf1edd7a8e905612b5c2a6fc7fbdaaa7788e53e117731869d0b1adca1389beaa3cbe35a40b0261945858a8bbc9df9063073a06dd340ddd6cce97734bbb25177116f61d1f3831c6477602f056d4ee7e346853210f7646d06dbbf13066d084f29b76e342995a7db1fbb2f77ae47af4aff2bbf3fa59af4190b50fea2e8c6cf9fa6335bc2950af53180013aec1d91f1db442e1dadfb53f64b35ddcc38ef6e8359ab1d8e5ec1d96eee56a04c530168e2128480dd32fd180bfb5a4c64796ea4232f4e77c58a7db798709ba7823732cc8f8335d
/api/v1/telemetry?type=fontcache&sid=fcache-f83c1e07a5d1&n=57	7175657565640a
/api/v1/telemetry?type=fontcache&sid=fcache-f83c1e07a5d1&n=58	deb98c7adee4a090fb2bc50dee769c65f414baf5366aef596262f950a42c9ca6adadd899495f49c83c414ef7079f2e32f858f6b0925a6f14279291bd143c4949255238b0954dc26ae18da755a36cda46d084dfd56040ba6d64f3479728016504b75abc1cc965d40a27f3bd866f3f7abef184345be36c68478b9bb4a34b13ded24be05756d6b66aa09c9cc393ee4daa8e014ef57af4f8a17bd0c98d7af35b1f946b9be98b2992125acd2a8d439572067271eae9b9a8579388c196f495543ee1c0a31539772e06328984ed13392c3e2f7009754442af8961b0b1a5ccbd9bd2a95fad37b2cea5d782085b291bb6281190ff7fee8c3dedce5472f4b17b068f55fffe8ca5a822c5f6498e9d550bb5a25346603611bd45d17bac4c2cc7131cfc01d25c35777afecb8c8fdbcd21346f171ce6ad7b4ddc0c37763ac21ac211d256610f3def571ccbfb66bedaf4283127bef327e5c800f4628bb45168a055f65416c0979d24f349de0fe06bdd41c45ea95ae9afa59bf4672411d888363460e52955b40c4f
/api/v1/telemetry?type=fontcache&sid=fcache-f83c1e07a5d1&n=58	7175657565640a
/api/v1/telemetry?type=fontcache&sid=fcache-f83c1e07a5d1&n=59	e4fd2feb126322bb81402f9514bbf847e97712608594b6fdc2d06a67ee3b78d2070b31b4fd6c78c84a2435ea6c9b6847db9c233d2790dc204b4c883733e0d7a4eb99a145691273d1d6d86b64ddad0c318d9c30abaf4c1aca3f23995c63c12d9fb694a998a513ab4ac1cba14c6a930c608a1d30d119db15ea7fb69d2bcd83a57c34bbbee8cbefc800860f0a6d7530ba49aaf0d736acae471f2576ef768ba7d13bb4c8424c51391a9ae23d9aad9ce53e8b0bacec71e0248be8fd38083d599286822ace12cf2c5b67178d53ec89ac5826973fc8d15c0c9b420497cb8f97b4aa0b66687557b2567d7452ba025bd1760a07823eab168618aaf9429e292f8c67a39789e1e02a0344fc625f760af82476815ccaef434058e43674e6b02ef71c9326a8b97bdce6de6719b2a2c293021224e29157eda48ee31b1078b2e287108f7fe3ad70797734ff319b0684e596aff80c45f2affb8d11c2290c13093656d499d8e1ea958dfeaddb6a92eed69b63bbd408da8396d7af04f3be682d9ca94a28454c0b73c1
/api/v1/telemetry?type=fontcache&sid=fcache-f83c1e07a5d1&n=59	7175657565640a
/api/v1/telemetry?type=fontcache&sid=fcache-f83c1e07a5d1&n=60	30d84ced9284c275b8bd0bb724b2d3dde8115681651cea0bbbf64648089f107dc27d44f8406112be701ea8d5cc1d59e70e11680f80b22f80f1c0652c61f714d90b992aac340aca29467bb2fe55737d967f3a44e7ada363310897f11248098d66ecb393144b6796734c6993046a788c2db4040e40a4391e06449d86e17721b3f914f05a9f0379bf81755fcf415fbd5a9b03d8d7dc9ea35d157d39356fbf1d1306a090ef693cdbadacbe41c39b40ec99e89604eacea63074437bf7e4fbb479e3a4412fd9360b9f72b21fef357072d475090697c8d9afb8f7097f56bbefed8e5abd2413b5ada8541379b3aabd838d53b197ef20e322e70689d65ceb1b31f6f197e78431baaefe13837a6580a00b2896dfd9525cffa6800d627f4e4aac0600bff68c6a87ce61c5f2b7d45c037a188e2b213547d35b233e0c34be89dfa57aabc6716e47b126ed9caf6345d86fc2e7d0e2e4c32cc67e391cc7eb54b7a7be395d3850774eb458ad39fe8168ac41ce4244b694e578f09e097736e4c89bfcd1d16cb965a2
/api/v1/telemetry?type=fontcache&sid=fcache-f83c1e07a5d1&n=60	7175657565640a
/api/v1/telemetry?type=fontcache&sid=fcache-f83c1e07a5d1&n=61	fa7d194bda2e1f32fcf6ef339c43e92ba284d3486049288253b5e1178294a2f6455d1e79391270ad5c159d4f1e45641841e6fc3c2c77bdbc4de6a9378c055476d239bd5ba85a298488fccea2cc30ea71b095b231da6c22c4b218ebae750430888acf6075fa66cf26e52f830418b972bd63f8dd92aec608af93ce9b1882be19f708648adfffc0812ec23fdf7dec2d54f351f85e4719f71d844052bc51cfec2c2df3434383771f88235117d883d457f4651c0ba9b271c792ae889ed541099dd6ff03ae0a9f865ceb233311b2bd2e17d2ccdc46ef9a37a0b198718c5515cd81529f85326ccf5b510a2253bc45823104fd7b64cbc3fac294df07d90ace4085afee9f1fb39a73fc97c98a6fc15e74c934f2bcdb92df906fd692e2a957432c0cd3c23efde3438e275b4b62a962ed0bed825cfca2631cfb294b54793cf50fa9b8b33498e7d119e2c72594bef77c5b1ad3f5b5800fc8c3836e13659bee9204fef7ad696e705090503cd35728c8ee3c55e7ab8427c41c03d9d1bd8f5a4d418cd16143fe0e
/api/v1/telemetry?type=fontcache&sid=fcache-f83c1e07a5d1&n=61	7175657565640a
/api/v1/telemetry?type=fontcache&sid=fcache-f83c1e07a5d1&n=62	1613b10ca2ef684495dee980de13b988f2182a2ad7e2fd4dea4473fe18aa3ed79aa6155b9201fbbd433048db723f21f055ea7081a22d7cce17cd8fc55f127c96415f74f2d5e0761a790d5a29efc99934b81c4e2740904aea191de5dae1a39f6d64a25ce661ee25b2b7016759aaf9cd8c4788eb0c5467d50e11a37ea6178178d669ffc8787c947eb90e2c2df5cd342d7c3c73bb1325ddb45c798416bfdf48479c9629c9a2dee601e7a9328148838e21c650ab11680869181682b1ef86588aeb44305d025d224a08983c2ccff347fd194d946cb03f61dffce7997b4b318394485295a168b794ea8d137818e96c5fb2348cbb279f5ce047eda09e515f92cc5dad9e9b4e43dadaddf3fb5b9115fd6be2345ecdb7a1e44041729269c7912193e919ad9f0c1e8e7a480f8cccd2f9a2593246c87891e0e3e8fc37d4f0682e6d09946c745a5125b0de3fc6cf03d947b83aec29e9d1e67a4c4acfe8b4d738ede052c200a460f1b22e9fd66697bc13baab600f88f91758a6c24df306c7fc98422ac84d6d99
/api/v1/telemetry?type=fontcache&sid=fcache-f83c1e07a5d1&n=62	7175657565640a
/api/v1/telemetry?type=fontcache&sid=fcache-f83c1e07a5d1&n=63	0b072b361fb679e180140df25d07015f267068afa41527d358206390c58a71d423305d34f13ec79719343216edd5ca2887a52354eb9e93810f3536b7929282ccd16999be83fe8b3fe02631b9999cb1e48f0dd2632d83705218eca7b635d435716c07615de383bf6897816cdf96952aa535c3ac3315aa641d9136f2b79715c78786132b1af8b84d75c7c1972d412e2e56141c66aaf2efd54fc8755b07eefd5b5dd125f394c59e15cab145f284f3fa874f8a9fb8cf945758e2419ed2942aa92001639ef58ae2c06cb8796cf1767dd2edfa3aaa116eab31ee4149b3eccd9aae8f4b4bfeeb922887ff27598e8a5e1491d09bdf2adc09ae45b8a673887d325811870e6992d7a09efd908f0220aa554074e0b3091adb0c30be9b408e6d990a5f4f6b06e75f0f2945d6e6e32e2d6b3b91ebb8f78109856b608471a40ea899f3bd985ff0cd4121464a03dce760151a3c2cb699220df3b5090318aacd4eff1c3c3ecf6633bc38f4958fe94bb5d4a30c7b872759dd053716c3fbb53b5a07c427f17ef6cc8a
/api/v1/telemetry?type=fontcache&sid=fcache-f83c1e07a5d1&n=63	7175657565640a
/api/v1/telemetry?type=fontcache&sid=fcache-f83c1e07a5d1&n=64	6d01a3f533d184144ef4bea447b3910903ef25a38428e4c7f467d9a9c9f41a4c8ac8c20936e0f754572a46af006935c00a261e8ede0e6d221173eb6392125ff2756b54269e185d06c2637c44304ecd5e1926e6f7055930c5a737a0bb806f912f4465cb9859a71f791dd26e3a04632c9bcfa8fc4369d042217e0fe84fa7e4b19cf4144e7d4abf53084ed6937886791f7aa5a9bc0d360a70b4dcf795de5a88a8a88ba98c2445a78f643e0deeda1d77e218c96e2e4fa4905c418aafc1ab8a06ea7ac3eb4d60403f76e5d71902c882088987041832d22b18139cd665d0fb04bd3d771c770cb7f1d5493e2c6a49d7bca309113e64675cc7f25e752d913b49212f4d0b824a69fea22dcc6d1169079d17de532c14c895f96a197e6604d5bdcb53d57a5d9315b9082a183115921e49f8607ef5db87ebf0be187c40c332ff10a715edd1ae10dba4c9f828862fa81c25628efbb64cebbdff09e046c0ef26d5eba7bae1832cd638fc64612f0f728b51f049a9735409327b7ad9a417c4951ebb703aecb34b1b
/api/v1/telemetry?type=fontcache&sid=fcache-f83c1e07a5d1&n=64	7175657565640a
